InstructorID,FirstName,LastName,Email
1,Matthew,Hansen,matthewhansen@tekskillup.com
2,Jasmine,Richard,jasminerichard@tekskillup.com
3,Jeffrey,Edwards,jeffreyedwards@tekskillup.com
4,Maria,Harrington,mariaharrington@tekskillup.com
5,Lauren,Brown,laurenbrown@tekskillup.com
6,Michelle,Robinson,michellerobinson@tekskillup.com
7,Christopher,Lara,christopherlara@tekskillup.com
8,Tracy,Martinez,tracymartinez@tekskillup.com
9,Monica,Tanner,monicatanner@tekskillup.com
10,Billy,Miller,billymiller@tekskillup.com
11,Brooke,Brown,brookebrown@tekskillup.com
12,Derek,Webb,derekwebb@tekskillup.com
13,John,Bennett,johnbennett@tekskillup.com
14,Michael,Martin,michaelmartin@tekskillup.com
15,Mindy,Jones,mindyjones@tekskillup.com
16,Timothy,Castro,timothycastro@tekskillup.com
17,Chase,Thomas,chasethomas@tekskillup.com
18,Michelle,Dunn,michelledunn@tekskillup.com
19,Joseph,Garcia,josephgarcia@tekskillup.com
20,Leslie,Greene,lesliegreene@tekskillup.com
21,Thomas,Leonard,thomasleonard@tekskillup.com
22,Stephanie,Pena,stephaniepena@tekskillup.com
23,Eric,Mccann,ericmccann@tekskillup.com
24,Brittany,Gentry,brittanygentry@tekskillup.com
25,Christopher,Smith,christophersmith@tekskillup.com
26,Pamela,Mata,pamelamata@tekskillup.com
27,Duane,Mcdonald,duanemcdonald@tekskillup.com
28,Walter,Jackson,walterjackson@tekskillup.com
29,Derek,Alvarez,derekalvarez@tekskillup.com
30,Joseph,Evans,josephevans@tekskillup.com
